Sector,Weight
Basic Materials,0.02656129102380745
Cash,0.16167976867291473
Communication Services,0.0489400127199765
Consumer Cyclical,0.03049514284146196
Consumer Defensive,0.023906001310738695
Energy,0.020494873806426065
Exchange Traded Fund,0.41188515001931675
Healthcare,0.14165126172051135
Industrials,0.07722450543289351
Real Estate,0.004040088372628591
Technology,0.038531197840832414
Utilities,0.014591556389205453
