Sector,Weight
Basic Materials,0.025458352521918026
Cash,0.16172159264535624
Communication Services,0.04837883000563822
Consumer Cyclical,0.03092886379189388
Consumer Defensive,0.024573432382296864
Energy,0.020119865887932926
Exchange Traded Fund,0.41027167807939124
Healthcare,0.14217495254860268
Industrials,0.07810350430182962
Others,0.0020706455542021927
Real Estate,0.004030528141583779
Technology,0.03808123119698032
Utilities,0.01408667358173046
