Sector,Weight
Basic Materials,0.026204523540534173
Cash,0.16149867406795093
Communication Services,0.048644303006915066
Consumer Cyclical,0.031013222772708265
Consumer Defensive,0.024569332755735047
Energy,0.020272872193479664
Exchange Traded Fund,0.4120287996525811
Healthcare,0.13947657125903887
Industrials,0.07846932512369814
Real Estate,0.0039860193982730096
Technology,0.03936420832665977
Utilities,0.014472276894599418
